variable,element,start_node,end_node,measurement,unit
F_PU1,PU1,J273,J285,flow,L/s
S_PU1,PU1,J273,J285,status,binary
F_PU2,PU2,J269,J280,flow,L/s
S_PU2,PU2,J269,J280,status,binary
F_PU3,PU3,J274,J276,flow,L/s
S_PU3,PU3,J274,J276,status,binary
F_PU4,PU4,J292,J299,flow,L/s
S_PU4,PU4,J292,J299,status,binary
F_PU5,PU5,J256,J300,flow,L/s
S_PU5,PU5,J256,J300,status,binary
F_PU6,PU6,J415,J289,flow,L/s
S_PU6,PU6,J415,J289,status,binary
F_PU7,PU7,J290,J291,flow,L/s
S_PU7,PU7,J290,J291,status,binary
F_PU8,PU8,J301,J304,flow,L/s
S_PU8,PU8,J301,J304,status,binary
F_PU9,PU9,J302,J306,flow,L/s
S_PU9,PU9,J302,J306,status,binary
F_PU10,PU10,J307,J317,flow,L/s
S_PU10,PU10,J307,J317,status,binary
F_PU11,PU11,J309,J323,flow,L/s
S_PU11,PU11,J309,J323,status,binary
F_V2,V2,J422,J14,flow,L/s
S_V2,V2,J422,J14,status,binary
