variable,element,element_type,measurement,unit,graph_role
L_T1,T1,Tank,water_level,m,node
L_T2,T2,Tank,water_level,m,node
L_T3,T3,Tank,water_level,m,node
L_T4,T4,Tank,water_level,m,node
L_T5,T5,Tank,water_level,m,node
L_T6,T6,Tank,water_level,m,node
L_T7,T7,Tank,water_level,m,node
P_J280,J280,Junction,pressure,m,node
P_J269,J269,Junction,pressure,m,node
P_J300,J300,Junction,pressure,m,node
P_J256,J256,Junction,pressure,m,node
P_J289,J289,Junction,pressure,m,node
P_J415,J415,Junction,pressure,m,node
P_J302,J302,Junction,pressure,m,node
P_J306,J306,Junction,pressure,m,node
P_J307,J307,Junction,pressure,m,node
P_J317,J317,Junction,pressure,m,node
P_J14,J14,Junction,pressure,m,node
P_J422,J422,Junction,pressure,m,node
F_PU1,PU1,Pump,flow,L/s,edge
S_PU1,PU1,Pump,status,binary,edge
F_PU2,PU2,Pump,flow,L/s,edge
S_PU2,PU2,Pump,status,binary,edge
F_PU3,PU3,Pump,flow,L/s,edge
S_PU3,PU3,Pump,status,binary,edge
F_PU4,PU4,Pump,flow,L/s,edge
S_PU4,PU4,Pump,status,binary,edge
F_PU5,PU5,Pump,flow,L/s,edge
S_PU5,PU5,Pump,status,binary,edge
F_PU6,PU6,Pump,flow,L/s,edge
S_PU6,PU6,Pump,status,binary,edge
F_PU7,PU7,Pump,flow,L/s,edge
S_PU7,PU7,Pump,status,binary,edge
F_PU8,PU8,Pump,flow,L/s,edge
S_PU8,PU8,Pump,status,binary,edge
F_PU9,PU9,Pump,flow,L/s,edge
S_PU9,PU9,Pump,status,binary,edge
F_PU10,PU10,Pump,flow,L/s,edge
S_PU10,PU10,Pump,status,binary,edge
F_PU11,PU11,Pump,flow,L/s,edge
S_PU11,PU11,Pump,status,binary,edge
F_V2,V2,Valve,flow,L/s,edge
S_V2,V2,Valve,status,binary,edge
