variable,element,node_index,measurement,unit
L_T1,T1,390,water_level,m
L_T2,T2,394,water_level,m
L_T3,T3,389,water_level,m
L_T4,T4,395,water_level,m
L_T5,T5,393,water_level,m
L_T6,T6,392,water_level,m
L_T7,T7,391,water_level,m
P_J280,J280,370,pressure,m
P_J269,J269,366,pressure,m
P_J300,J300,379,pressure,m
P_J256,J256,330,pressure,m
P_J289,J289,374,pressure,m
P_J415,J415,3,pressure,m
P_J302,J302,381,pressure,m
P_J306,J306,383,pressure,m
P_J307,J307,384,pressure,m
P_J317,J317,386,pressure,m
P_J14,J14,283,pressure,m
P_J422,J422,27,pressure,m
