edge_index,link_id,start_node,end_node,start_index,end_index,link_type,length,diameter,roughness
0,P349,J511,J503,0,234,Pipe,39.12,0.305,97.01243523
1,P524,J511,J580,0,202,Pipe,170.54,0.305,96.22781415
2,P18,J411,J1025,1,216,Pipe,283.3,0.508,100.3
3,P19,J411,J1056,1,42,Pipe,750.87,0.508,97.7
4,P297,J411,J438,1,70,Pipe,42.53,0.406,73.0
5,P892,J414,J13,2,282,Pipe,30.39,0.254,69.84847395
6,P96,J414,J417,2,5,Pipe,53.72,0.254,87.90275096
7,P237,J415,J441,3,102,Pipe,12.01,0.305,5.0585
8,P381,J415,J291,3,376,Pipe,5.53,0.3048,119.20713
9,PU6,J415,J289,3,374,Pump,,,
10,P238,J416,J441,4,102,Pipe,12.59,0.3048,104.739957
11,P292,J416,J427,4,34,Pipe,13.54,0.305,97.26629793
12,P445,J417,J421,5,26,Pipe,7.8,0.254,86.21060196
13,P446,J418,J421,6,26,Pipe,31.15,0.254,102.1976464
14,P450,J418,J422,6,27,Pipe,19.47,0.254,96.96505055
15,P215,J419,T2,7,394,Pipe,140.76,0.254,81.42351414
16,P287,J419,J420,7,25,Pipe,45.12,0.254,78.34930836
17,P218,J310,J311,8,9,Pipe,54.55,0.10200000000000001,81.77139586
18,P808,J311,J83,9,148,Pipe,253.47,0.203,92.06420424
19,P840,J311,J320,9,38,Pipe,235.28,0.203,97.77044222
20,P219,J312,J313,10,11,Pipe,67.98,0.10200000000000001,86.8360308
21,P760,J312,J298,10,246,Pipe,88.54,0.152,101.8544486
22,P761,J312,J83,10,148,Pipe,171.27,0.152,96.99210802
23,P220,J314,J315,12,13,Pipe,68.33,0.076,93.73758011
24,P992,J314,J202,12,260,Pipe,69.15,0.203,80.64075409
25,P993,J314,J199,12,258,Pipe,63.52,0.203,80.23202717
26,P126,J316,J225,14,49,Pipe,109.6,0.076,89.73794074
27,P127,J316,J40,14,309,Pipe,87.22,0.10200000000000001,73.67740117
28,P11,J318,J235,15,364,Pipe,83.45,0.1016,96.83442437
29,P223,J318,J319,15,16,Pipe,108.98,0.203,93.21702289
30,P766,J318,J303,15,248,Pipe,37.85,0.152,95.03726284
31,P781,J318,J83,15,148,Pipe,130.18,0.152,90.91406861
32,P927,J210,J1223,17,208,Pipe,348.88,0.406,84.53153832
33,P139,J211,J208,18,266,Pipe,73.66,0.406,68.718495
34,P7,J211,J218,18,22,Pipe,60.22,0.508,78.45371492
35,P21,J212,J214,19,20,Pipe,176.48,0.406,86.69368007
36,P8,J212,J218,19,22,Pipe,11.35,0.406,76.077444
37,P9,J212,J217,19,21,Pipe,49.95,0.254,66.74918886
38,P20,J214,J1056,20,42,Pipe,579.67,0.508,89.67250259
39,P991,J214,J202,20,260,Pipe,20.25,0.203,74.3133426
40,P138,J217,J203,21,261,Pipe,19.28,0.254,72.48528099
41,P5,J218,J1223,22,208,Pipe,588.97,0.406,83.56188054
42,P140,J219,J220,23,47,Pipe,222.3,0.10200000000000001,107.8347395
43,P155,J219,J60,23,91,Pipe,59.38,0.1016,105.7092049
44,P372,J219,J86,23,152,Pipe,6.42,0.1016,113.1146519
45,P34,J110,J179,24,201,Pipe,98.0,0.508,78.50596539
46,P72,J110,J95,24,175,Pipe,247.46,0.305,85.0356826
47,P99,J110,J109,24,269,Pipe,452.37,0.508,96.63823156
48,P467,J420,J422,25,27,Pipe,15.17,0.254,96.15411097
49,P468,J420,J287,25,372,Pipe,31.29,0.254,105.2733756
50,P465,J421,J14,26,283,Pipe,18.2,0.254,86.56539928
51,V2,J422,J14,27,283,Valve,,0.254,
52,P817,J1153,J1158,28,35,Pipe,253.3,0.203,72.65810772
53,P819,J1153,J1157,28,33,Pipe,8.02,0.203,105.0732947
54,P989,J1153,J1155,28,30,Pipe,91.59,0.051000000000000004,82.07033197
55,P969,J1154,J200,29,257,Pipe,149.16,0.203,86.26720664
56,P970,J1154,J199,29,258,Pipe,165.04,0.203,87.79507815
57,P990,J1154,J1155,29,30,Pipe,78.87,0.10200000000000001,85.78766419
58,P291,J425,J426,31,32,Pipe,132.94,0.305,107.0799731
59,P293,J425,J427,31,34,Pipe,125.2,0.305,92.15913275
60,P308,J426,J363,32,158,Pipe,334.57,0.305,88.07717274
61,P994,J1157,J199,33,258,Pipe,115.39,0.203,83.09435479
62,P995,J1157,J201,33,259,Pipe,228.99,0.152,82.49961346
63,P972,J1158,J370,35,185,Pipe,219.42,0.152,82.66945023
64,P973,J1158,J365,35,160,Pipe,164.68,0.203,71.9318762
65,P294,J428,J429,36,37,Pipe,101.2,0.10200000000000001,79.96510184
66,P303,J428,J439,36,72,Pipe,131.94,0.076,88.33454494
67,P299,J429,J436,37,69,Pipe,61.51,0.10200000000000001,87.70989261
68,P811,J320,J321,38,39,Pipe,50.17,0.10200000000000001,89.56723202
69,P813,J320,J328,38,45,Pipe,30.85,0.152,76.0415565
70,P225,J321,J322,39,40,Pipe,120.77,0.10200000000000001,92.68551418
71,P809,J321,J324,39,41,Pipe,17.35,0.10200000000000001,109.3502993
72,P789,J1056,J366,42,161,Pipe,285.95,0.203,74.96865627
73,P228,J327,J328,43,45,Pipe,42.72,0.076,99.28890046
74,P230,J327,J330,43,73,Pipe,114.61,0.076,77.39533937
75,P962,J1058,J6,44,275,Pipe,49.83,0.152,90.74777544
76,P815,J328,J329,45,46,Pipe,50.52,0.10200000000000001,84.34217359
77,P251,J329,J362,46,157,Pipe,11.49,0.152,103.73326
78,P141,J221,J51,48,52,Pipe,169.94,0.10200000000000001,103.7880571
79,P753,J221,J297,48,245,Pipe,71.91,0.152,89.52407649
80,P759,J221,J298,48,246,Pipe,97.19,0.152,104.4350261
81,P124,J225,J376,49,191,Pipe,99.09,0.10200000000000001,78.83034804
82,P130,J226,J376,50,191,Pipe,56.79,0.076,70.70724159
83,P132,J226,J379,50,194,Pipe,67.35,0.076,88.54168235
84,P150,J50,J82,51,146,Pipe,93.19,0.152,103.1527295
85,P35,J50,J51,51,52,Pipe,64.56,0.152,84.3826461
86,P52,J51,J78,52,129,Pipe,83.26,0.10200000000000001,89.65416834
87,P1045,J53,J64,53,95,Pipe,68.63,0.203,118.82139
88,P853,J53,J67,53,98,Pipe,295.68,0.203,118.6474037
89,P42,J54,J73,54,125,Pipe,32.93,0.152,114.9190666
90,P633,J54,J67,54,98,Pipe,173.88,0.152,119.1332558
91,P1035,J128,J253,55,141,Pipe,122.47,0.152,97.7581413
92,P1036,J128,J131,55,88,Pipe,83.33,0.203,74.29791874
93,P1039,J128,J573,55,181,Pipe,121.38,0.203,92.14229573
94,P38,J55,J56,56,58,Pipe,169.49,0.076,106.4650405
95,P842,J55,J62,56,94,Pipe,64.41,0.052000000000000005,95.52120444
96,P847,J55,J118,56,346,Pipe,68.63,0.152,91.07111508
97,P1041,J129,J136,57,343,Pipe,307.54,0.10200000000000001,112.5081558
98,V47,J129,J169,57,359,Valve,,0.1016,
99,P596,J56,J58,58,60,Pipe,76.39,0.076,112.8056283
100,P609,J56,J57,58,59,Pipe,86.07,0.076,111.6336079
101,P850,J57,J59,59,61,Pipe,241.13,0.1016,112.5310973
102,P851,J57,J62,59,94,Pipe,228.78,0.076,121.9332034
103,P846,J58,J118,60,346,Pipe,94.84,0.203,103.9804942
104,P852,J58,J67,60,98,Pipe,40.39,0.203,105.3809228
105,P40,J59,J60,61,91,Pipe,143.64,0.10200000000000001,107.9143544
106,P844,J59,J62,61,94,Pipe,12.49,0.10200000000000001,113.808278
107,P120,J1160,J432,62,65,Pipe,91.4,0.10200000000000001,88.38904641
108,P123,J1160,J3,62,272,Pipe,51.21,0.152,61.06139089
109,P880,J1160,J1161,62,63,Pipe,112.84,0.076,86.03497853
110,P117,J431,J435,64,68,Pipe,104.0,0.10200000000000001,67.96195457
111,P118,J431,J432,64,65,Pipe,115.91,0.10200000000000001,84.66525677
112,P136,J431,J5,64,274,Pipe,241.77,0.10200000000000001,75.73324573
113,P296,J432,J433,65,66,Pipe,231.87,0.076,82.95723709
114,P302,J433,J11,66,280,Pipe,178.28,0.305,80.34022293
115,P307,J433,J12,66,281,Pipe,47.3,0.305,60.51223799
116,P298,J434,J438,67,70,Pipe,40.11,0.305,84.55106971
117,P301,J434,J11,67,280,Pipe,45.31,0.305,85.18923941
118,P115,J435,J408,68,244,Pipe,99.88,0.10200000000000001,91.23151293
119,P295,J435,J10,68,279,Pipe,133.23,0.076,72.40920176
120,P282,J436,J10,69,279,Pipe,131.93,0.10200000000000001,86.72041921
121,P484,J438,J13,70,282,Pipe,336.57,0.203,79.98
122,P804,J1169,J265,71,333,Pipe,68.27,0.10200000000000001,103.0053454
123,P889,J1169,J1170,71,101,Pipe,15.72,0.203,88.74112608
124,P231,J330,J331,73,74,Pipe,12.21,0.076,98.41544449
125,P841,J331,J297,74,245,Pipe,347.83,0.076,93.67657919
126,P397,J332,J301,75,380,Pipe,13.16,0.2032,87.42718755
127,P996,J332,J201,75,259,Pipe,10.22,0.203,84.57606945
128,P233,J333,J334,76,77,Pipe,58.66,0.076,97.29593266
129,P234,J333,J335,76,78,Pipe,41.63,0.076,87.20981831
130,P10,J335,J336,78,79,Pipe,79.23,0.076,108.0095074
131,P159,J336,J204,79,262,Pipe,118.78,0.203,80.14718268
132,P235,J336,J337,79,80,Pipe,92.74,0.076,84.32189979
133,P12,J337,J208,80,266,Pipe,85.24,0.406,89.66261184
134,P13,J337,J24,80,307,Pipe,62.56,0.406,83.04378688
135,P147,J231,J232,81,82,Pipe,60.08,0.203,92.837036
136,P987,J232,J348,82,108,Pipe,94.56,0.1016,96.40637069
137,P988,J232,J382,82,209,Pipe,9.74,0.1016,102.5172429
138,P1016,J233,J22,83,291,Pipe,164.77,0.305,85.23817366
139,P148,J233,J234,83,84,Pipe,561.69,0.305,96.43940809
140,P165,J234,J135,84,93,Pipe,143.81,0.305,92.93426098
141,P158,J236,J246,85,115,Pipe,69.88,0.076,105.0723995
142,P823,J236,J237,85,86,Pipe,18.84,0.076,113.3617729
143,P826,J237,J244,86,113,Pipe,335.29,0.076,99.14858764
144,P268,J130,J149,87,354,Pipe,146.46,0.1524,86.83782705
145,V45,J130,J253,87,141,Valve,,0.1524,
146,P1033,J131,J492,88,223,Pipe,128.79,0.152,84.68939593
147,P1025,J132,J575,89,183,Pipe,39.18,0.076,97.77659267
148,P1026,J132,J493,89,224,Pipe,45.61,0.076,88.45039526
149,P85,J132,J133,89,90,Pipe,36.6,0.076,69.9267053
150,P385,J134,J498,92,229,Pipe,106.53,0.305,76.02373041
151,P386,J134,J576,92,184,Pipe,8.12,0.152,79.90108822
152,P86,J134,J135,92,93,Pipe,161.0,0.305,110.5
153,P1044,J64,T5,95,393,Pipe,65.8,0.203,100.2182444
154,P43,J64,J65,95,96,Pipe,36.18,0.203,88.53730832
155,P154,J66,J245,97,114,Pipe,170.64,0.152,108.8315571
156,P44,J66,J67,97,98,Pipe,247.65,0.152,115.1681772
157,P51,J68,J77,99,128,Pipe,57.47,0.10200000000000001,92.23786036
158,P858,J68,J92,99,337,Pipe,195.38,0.10200000000000001,113.4099875
159,P866,J68,J61,99,336,Pipe,17.37,0.10200000000000001,92.17383193
160,P46,J69,J70,100,121,Pipe,70.86,0.10200000000000001,112.662633
161,P871,J69,J61,100,336,Pipe,48.15,0.10200000000000001,91.80712367
162,P800,J1170,J344,101,105,Pipe,15.93,0.203,109.6676101
163,P801,J1170,J347,101,107,Pipe,9.47,0.203,104.4688588
164,P305,J441,J407,102,242,Pipe,43.41,0.203,90.79931312
165,P961,J444,J366,103,161,Pipe,234.55,0.203,85.65392299
166,P974,J444,J365,103,160,Pipe,186.4,0.203,72.71874828
167,P1000,J341,J204,104,262,Pipe,109.27,0.203,76.94614787
168,P999,J341,J203,104,261,Pipe,81.67,0.254,68.70464794
169,P241,J344,J345,105,106,Pipe,49.46,0.10200000000000001,114.8367119
170,P37,J348,J52,108,347,Pipe,180.61,0.203,97.80387751
171,P986,J348,J381,108,207,Pipe,229.54,0.1016,87.08395905
172,P982,J349,J351,109,131,Pipe,87.24,0.203,98.51140755
173,P983,J349,J352,109,132,Pipe,180.2,0.1016,91.89644795
174,P984,J349,J381,109,207,Pipe,16.03,0.1016,108.9554876
175,P264,J241,J242,110,111,Pipe,11.73,0.1016,112.505063
176,P156,J242,J243,111,112,Pipe,80.34,0.10200000000000001,110.8685183
177,P266,J242,J250,111,138,Pipe,55.29,0.1016,107.0557801
178,P492,J243,J86,112,152,Pipe,157.32,0.1016,114.1136636
179,P157,J244,J245,113,114,Pipe,232.93,0.10200000000000001,102.9010036
180,P827,J244,J247,113,116,Pipe,119.07,0.076,103.740183
181,P248,J245,J250,114,138,Pipe,6.96,0.1524,110.0672989
182,P160,J246,J248,115,117,Pipe,68.68,0.076,104.6278726
183,P830,J247,J248,116,117,Pipe,89.3,0.076,99.04404122
184,P831,J248,J249,117,118,Pipe,62.2,0.076,86.2917659
185,P162,J249,J85,118,150,Pipe,190.67,0.152,98.76064267
186,P246,J249,J250,118,138,Pipe,56.94,0.1524,121.5967586
187,P112,J142,J976,119,178,Pipe,646.98,0.305,68.60087459
188,P757,J142,J1024,119,214,Pipe,568.43,0.305,99.83133104
189,P111,J143,J976,120,178,Pipe,126.36,0.152,72.41174834
190,P91,J143,J144,120,122,Pipe,572.34,0.10200000000000001,94.33889253
191,P48,J71,J73,123,125,Pipe,28.98,0.152,113.5196498
192,P859,J71,J77,123,128,Pipe,90.81,0.152,95.28589543
193,P49,J72,J74,124,126,Pipe,134.92,0.152,121.7050339
194,P861,J72,J77,124,128,Pipe,110.79,0.152,87.94104359
195,P855,J76,J92,127,337,Pipe,37.88,0.10200000000000001,114.8547426
196,P724,J78,J268,129,338,Pipe,92.72,0.152,96.70704964
197,P725,J78,J295,129,241,Pipe,117.32,0.152,105.2924295
198,P807,J350,J260,130,332,Pipe,162.82,0.203,100.1492592
199,P65,J351,J353,131,133,Pipe,164.93,0.10200000000000001,101.9472625
200,P981,J351,J361,131,156,Pipe,36.19,0.076,80.21622813
201,P166,J352,J382,132,209,Pipe,235.0,0.1016,93.60266001
202,P184,J352,J1208,132,162,Pipe,59.38,0.1016,95.91470923
203,P16,J353,J1208,133,162,Pipe,252.34,0.10200000000000001,97.24831268
204,P822,J353,J267,133,335,Pipe,11.71,0.10200000000000001,99.59355845
205,P821,J354,J267,134,335,Pipe,64.78,0.10200000000000001,83.94520189
206,P161,J355,J361,135,156,Pipe,40.31,0.076,90.01325959
207,P978,J355,J358,135,136,Pipe,178.97,0.076,78.85562406
208,P976,J358,J359,136,137,Pipe,83.33,0.076,83.20228114
209,P249,J359,J360,137,155,Pipe,28.43,0.051000000000000004,85.38083927
210,P163,J251,J90,139,350,Pipe,67.74,0.203,94.23019998
211,P937,J251,J385,139,211,Pipe,198.09,0.254,74.27786438
212,P938,J251,J257,139,143,Pipe,168.95,0.254,74.4754521
213,P500,J252,J90,140,350,Pipe,24.23,0.203,112.6227522
214,P1034,J253,J254,141,142,Pipe,52.87,0.203,97.41854735
215,P951,J257,J37,143,305,Pipe,338.8,0.254,94.71306209
216,P97,J154,J155,144,145,Pipe,24.41,0.61,88.89531663
217,P98,J154,J156,144,147,Pipe,174.53,0.61,71.75234195
218,P83,J155,J160,145,165,Pipe,15.14,0.61,75.66382855
219,P55,J82,J83,146,148,Pipe,99.86,0.076,87.65298441
220,P310,J156,J269,147,366,Pipe,9.0,0.61,87.26802597
221,P245,J84,J87,149,153,Pipe,18.65,0.1524,120.3989086
222,P57,J84,J85,149,150,Pipe,288.77,0.152,99.59669568
223,P58,J84,J86,149,152,Pipe,503.91,0.10200000000000001,100.8491608
224,P100,J159,J160,151,165,Pipe,107.88,0.406,76.51422883
225,P22,J159,J192,151,249,Pipe,567.3,0.406,81.11362312
226,P409,J87,J306,153,383,Pipe,26.38,0.1524,89.89786692
227,P1042,J89,J573,154,181,Pipe,84.54,0.152,76.15024112
228,P502,J89,J574,154,182,Pipe,9.19,0.0762,99.5945589
229,P977,J89,J91,154,170,Pipe,45.98,0.10200000000000001,102.4316821
230,P915,J362,J1208,157,162,Pipe,10.58,0.152,72.77251422
231,P252,J363,J364,158,159,Pipe,135.44,0.305,82.30042619
232,P256,J364,J371,159,186,Pipe,55.17,0.305,94.85911557
233,P975,J365,J369,160,164,Pipe,159.56,0.152,74.72359293
234,P963,J366,J205,161,263,Pipe,93.54,0.203,85.5303454
235,P53,J1208,J384,162,210,Pipe,10.32,0.203,87.56071617
236,P965,J367,J205,163,263,Pipe,135.06,0.203,93.94273938
237,P966,J367,J206,163,264,Pipe,31.32,0.203,82.50879936
238,P971,J367,J370,163,185,Pipe,136.94,0.152,77.82946049
239,P255,J369,J370,164,185,Pipe,76.14,0.051000000000000004,71.46719262
240,P964,J369,J205,164,263,Pipe,129.91,0.152,96.26374712
241,P27,J161,J1,166,270,Pipe,163.63,0.254,69.10553047
242,P30,J161,J166,166,172,Pipe,40.89,0.254,86.70955075
243,P101,J162,J166,167,172,Pipe,243.37,0.254,84.20845169
244,P125,J163,J196,168,254,Pipe,193.35,0.508,84.73893721
245,P26,J163,J1,168,270,Pipe,22.94,0.508,88.00750201
246,P28,J164,J1,169,270,Pipe,117.42,0.152,88.26665116
247,P29,J165,J1,171,270,Pipe,20.51,0.152,89.48380518
248,P104,J166,J167,172,173,Pipe,33.11,0.203,99.88658284
249,P767,J94,J157,174,313,Pipe,227.5,0.305,109.3148967
250,P769,J94,J168,174,315,Pipe,154.26,0.305,110.6185664
251,P63,J95,J96,175,176,Pipe,165.95,0.254,88.72727612
252,P64,J96,J97,176,177,Pipe,126.63,0.203,80.24772732
253,P67,J97,J102,177,268,Pipe,330.24,0.203,74.11384494
254,P344,J571,J576,179,184,Pipe,45.26,0.152,85.90916474
255,P383,J571,J491,179,222,Pipe,19.56,0.152,80.14926659
256,P501,J571,J572,179,180,Pipe,11.32,0.1524,111.4535058
257,P267,J572,J147,180,352,Pipe,344.62,0.1524,95.59127017
258,P1040,J573,J136,181,343,Pipe,29.45,0.152,94.68876721
259,P284,J574,J151,182,356,Pipe,198.97,0.0762,89.12500159
260,P384,J575,J491,183,222,Pipe,26.14,0.076,101.9126563
261,P343,J576,J495,184,226,Pipe,111.65,0.152,100.2909021
262,P933,J371,J23,186,292,Pipe,130.54,0.305,87.94687626
263,P258,J372,J373,187,188,Pipe,79.53,0.10200000000000001,75.51228399
264,P89,J372,J375,187,190,Pipe,104.3,0.152,78.43046596
265,P90,J372,J376,187,191,Pipe,98.94,0.10200000000000001,62.31894921
266,P128,J374,J40,189,309,Pipe,165.63,0.10200000000000001,90.94829628
267,P129,J374,J377,189,192,Pipe,79.59,0.10200000000000001,78.06619059
268,P259,J374,J375,189,190,Pipe,136.09,0.10200000000000001,83.09359309
269,P70,J375,J40,190,309,Pipe,88.36,0.152,72.84389475
270,P103,J1219,J2,193,271,Pipe,35.98,0.254,79.37099717
271,P33,J1219,J179,193,201,Pipe,22.81,0.254,73.03598003
272,P924,J1219,J195,193,253,Pipe,82.38,0.254,74.45899818
273,P107,J171,J172,195,196,Pipe,357.0,0.203,80.50983232
274,P31,J171,J186,195,217,Pipe,144.67,0.152,108.7731191
275,P6,J171,J180,195,212,Pipe,199.39,0.152,94.64505119
276,P109,J172,J175,196,199,Pipe,218.52,0.203,76.89340854
277,P122,J173,J194,197,252,Pipe,45.06,0.305,78.97804998
278,P3,J173,J181,197,213,Pipe,136.52,0.3,73.64913862
279,P1,J174,J175,198,199,Pipe,52.9,0.203,72.4549266
280,P2,J175,J181,199,213,Pipe,295.25,0.203,62.04782884
281,P110,J177,J179,200,201,Pipe,425.83,0.508,98.99414116
282,P24,J177,J194,200,252,Pipe,71.05,0.508,88.62083113
283,P1024,J580,J278,202,339,Pipe,375.62,0.10200000000000001,89.62069894
284,P527,J580,J497,202,228,Pipe,149.04,0.305,73.12421582
285,P1027,J486,J488,203,205,Pipe,82.32,0.051000000000000004,92.0106009
286,P1028,J486,J489,203,206,Pipe,9.57,0.051000000000000004,86.99339612
287,P331,J486,J487,203,204,Pipe,93.46,0.051000000000000004,93.19325097
288,P39,J488,J490,205,221,Pipe,190.12,0.10200000000000001,95.4375542
289,P54,J488,J491,205,222,Pipe,111.67,0.051000000000000004,92.39787511
290,P1029,J489,J492,206,223,Pipe,122.62,0.076,91.33959845
291,P1030,J489,J493,206,224,Pipe,95.25,0.076,104.6083303
292,P69,J1223,J40,208,309,Pipe,103.63,0.152,72.35176717
293,P144,J382,T6,209,392,Pipe,130.79,0.076,99.91906661
294,P424,J384,J317,210,386,Pipe,27.8,0.2032,124.9856956
295,P934,J385,J23,211,292,Pipe,18.46,0.254,102.9935452
296,P935,J385,J22,211,291,Pipe,152.13,0.305,100.0547405
297,P92,J180,J137,212,344,Pipe,63.12,0.203,83.1066216
298,P113,J181,J137,213,344,Pipe,310.73,0.152,85.35380111
299,P758,J1024,J1025,214,216,Pipe,102.21,0.305,93.35734311
300,P84,J183,J187,215,218,Pipe,148.63,0.203,97.41353032
301,P17,J1025,J408,216,244,Pipe,32.42,0.508,77.28134214
302,P116,J186,J187,217,218,Pipe,204.54,0.152,93.47394033
303,P32,J186,J2,217,271,Pipe,84.44,0.152,103.5584403
304,P87,J187,J137,218,344,Pipe,80.03,0.203,76.39854111
305,P119,J188,J189,219,220,Pipe,64.88,0.305,78.1411898
306,P68,J188,J195,219,253,Pipe,302.74,0.305,83.22085413
307,P71,J188,J191,219,247,Pipe,419.4,0.254,84.7287395
308,P1031,J490,J494,221,225,Pipe,188.28,0.152,84.37414232
309,P1032,J490,J492,221,223,Pipe,143.29,0.152,98.43095137
310,P337,J494,J497,225,228,Pipe,20.49,0.305,5.6181
311,P340,J494,J496,225,227,Pipe,96.21,0.305,101.082424
312,P336,J495,J496,226,227,Pipe,182.99,0.152,92.1736733
313,P341,J496,J498,227,229,Pipe,189.74,0.305,94.6355163
314,P338,J500,J499,230,231,Pipe,74.38,0.076,100.3553057
315,P330,J499,J501,231,232,Pipe,66.79,0.076,96.42287802
316,P346,J499,J504,231,235,Pipe,54.91,0.051000000000000004,93.91341161
317,P329,J501,J503,232,234,Pipe,134.52,0.152,100.1835818
318,P339,J501,J502,232,233,Pipe,307.49,0.10200000000000001,88.65301931
319,P348,J503,J509,234,237,Pipe,42.47,0.305,88.72950781
320,P810,J394,J406,236,240,Pipe,64.3,0.203,88.93896444
321,P347,J509,T4,237,395,Pipe,385.56,0.305,96.23520379
322,P350,J509,J240,237,365,Pipe,400.16,0.203,99.85976755
323,P914,J399,J20,238,289,Pipe,38.61,0.203,91.1800276
324,P929,J399,J401,238,239,Pipe,83.31,0.203,90.08263129
325,P930,J399,J21,238,290,Pipe,78.95,0.203,88.2
326,P932,J399,J17,238,286,Pipe,381.56,0.203,84.96153948
327,P280,J401,J407,239,242,Pipe,333.4,0.203,88.34304078
328,P780,J406,J18,240,287,Pipe,153.56,0.203,104.9547114
329,P931,J406,J20,240,289,Pipe,248.4,0.203,87.08307229
330,P211,J295,J296,241,243,Pipe,202.33,0.076,84.05170372
331,P102,J408,J109,244,269,Pipe,1280.3,0.508,92.94722922
332,P752,J297,T7,245,391,Pipe,70.36,0.152,106.1657491
333,P177,J303,J305,248,251,Pipe,56.8,0.10200000000000001,100.6056442
334,P121,J192,J193,249,250,Pipe,42.23,0.152,100.3675691
335,P23,J192,J196,249,254,Pipe,316.91,0.508,77.16263034
336,P25,J194,J196,252,254,Pipe,4.3,0.508,74.37733692
337,P997,J308,J201,255,259,Pipe,154.87,0.203,96.61744961
338,P998,J308,J204,255,262,Pipe,107.98,0.203,90.64077339
339,P968,J198,J200,256,257,Pipe,68.17,0.10200000000000001,78.39635991
340,P967,J200,J206,257,264,Pipe,207.54,0.203,82.10707555
341,P131,J206,J207,264,265,Pipe,86.5,0.076,74.72670795
342,P106,J101,J102,267,268,Pipe,270.38,0.10200000000000001,63.55113264
343,P108,J101,J109,267,269,Pipe,183.53,0.203,78.72048108
344,P482,J3,J9,272,278,Pipe,321.89,0.152,78.90389206
345,P134,J4,J5,273,274,Pipe,68.79,0.076,78.56802703
346,P195,J4,J7,273,276,Pipe,144.33,0.076,80.6314204
347,P174,J6,J7,275,276,Pipe,278.59,0.10200000000000001,89.32071004
348,P201,J7,J8,276,277,Pipe,102.19,0.076,96.62781785
349,P272,J8,J9,277,278,Pipe,143.88,0.10200000000000001,73.95290985
350,P443,J12,J13,281,282,Pipe,67.31,0.305,85.57602477
351,P510,J15,J16,284,285,Pipe,193.37,0.10200000000000001,104.9547114
352,P610,J15,J17,284,286,Pipe,206.58,0.076,95.7997832
353,P754,J15,J19,284,288,Pipe,92.49,0.051000000000000004,84.82770733
354,P671,J16,J18,285,287,Pipe,62.97,0.152,94.83787887
355,P697,J16,J19,285,288,Pipe,88.89,0.10200000000000001,97.76254098
356,P670,J17,J18,286,287,Pipe,54.41,0.152,98.70407263
357,P939,J25,J26,293,294,Pipe,248.76,0.152,95.78927854
358,P940,J25,J27,293,295,Pipe,187.99,0.152,99.28214747
359,P942,J26,J27,294,295,Pipe,85.08,0.152,83.59468263
360,P944,J26,J31,294,299,Pipe,59.58,0.254,82.35304046
361,P941,J27,J30,295,298,Pipe,142.58,0.152,79.37276275
362,P943,J28,J81,296,348,Pipe,84.21,0.076,86.77484454
363,P947,J28,J32,296,300,Pipe,122.43,0.152,76.80448613
364,P959,J28,J33,296,301,Pipe,123.42,0.10200000000000001,98.22065346
365,P242,J29,J36,297,304,Pipe,25.06,0.1524,99.0149834
366,P948,J29,J32,297,300,Pipe,74.71,0.152,104.8490736
367,P946,J30,J31,298,299,Pipe,143.03,0.10200000000000001,98.06099167
368,P949,J31,J35,299,303,Pipe,24.39,0.254,92.68704895
369,P958,J32,J38,300,306,Pipe,122.41,0.10200000000000001,105.3080501
370,P955,J33,J34,301,302,Pipe,131.74,0.10200000000000001,85.18129613
371,P957,J33,J38,301,306,Pipe,51.05,0.152,98.15140681
372,P954,J34,J36,302,304,Pipe,294.07,0.203,78.6689048
373,P956,J34,J38,302,306,Pipe,115.17,0.152,68.25287125
374,P953,J35,J37,303,305,Pipe,495.66,0.254,85.4054411
375,v1,J35,J88,303,349,Valve,,0.2032,
376,P243,J36,J88,304,349,Pipe,57.08,0.2032,82.79621449
377,P142,J37,J93,305,351,Pipe,16.61,0.1524,85.39068455
378,P14,J24,J39,307,308,Pipe,151.39,0.406,72.00911504
379,P15,J39,T1,308,390,Pipe,395.29,0.406,90.48302153
380,P756,J123,J141,310,312,Pipe,41.66,0.305,107.9166509
381,P94,J123,J145,310,345,Pipe,51.35,0.305,139.0834768
382,P755,J140,J141,311,312,Pipe,47.12,0.305,114.1298526
383,P95,J140,J145,311,345,Pipe,50.7,0.305,118.4307393
384,P763,J141,J157,312,313,Pipe,387.59,0.305,112.2055437
385,P768,J157,J158,313,314,Pipe,217.03,0.254,116.5115918
386,P771,J168,J170,315,316,Pipe,69.36,0.203,99.63218871
387,P772,J168,J176,315,317,Pipe,215.02,0.305,85.80309439
388,P775,J176,J178,317,318,Pipe,129.42,0.203,108.382028
389,P777,J176,J185,317,320,Pipe,402.31,0.305,111.7656211
390,P776,J178,J184,318,319,Pipe,421.07,0.10200000000000001,114.3497002
391,P779,J185,J190,320,321,Pipe,524.49,0.203,87.90984792
392,P783,J190,J197,321,322,Pipe,674.96,0.203,115.0802063
393,P784,J190,J213,321,323,Pipe,88.96,0.10200000000000001,98.4320195
394,P785,J190,J215,321,324,Pipe,184.71,0.10200000000000001,89.6475285
395,P786,J197,J216,322,325,Pipe,166.27,0.203,110.0001555
396,P787,J216,T3,325,389,Pipe,127.08,0.10200000000000001,130.1224074
397,P788,J216,J227,325,326,Pipe,107.85,0.152,113.9140977
398,P791,J227,J238,326,327,Pipe,82.5,0.152,115.9461135
399,P797,J227,J258,326,331,Pipe,21.64,0.10200000000000001,117.0541964
400,P794,J238,J239,327,328,Pipe,39.04,0.203,123.9466201
401,P796,J238,J256,327,330,Pipe,22.42,0.203,89.87622094
402,P795,J239,J255,328,329,Pipe,129.41,0.203,97.7802756
403,P798,J255,J260,329,332,Pipe,684.07,0.203,116.0879492
404,P378,J256,J292,330,377,Pipe,6.47,0.254,112.4496521
405,PU5,J256,J300,330,379,Pump,,,
406,P806,J260,J266,332,334,Pipe,32.51,0.152,103.8989922
407,P805,J265,J266,333,334,Pipe,96.57,0.152,114.5601573
408,P1023,J278,J283,339,341,Pipe,136.34,0.10200000000000001,95.68850653
409,P529,J278,J281,339,340,Pipe,212.31,0.10200000000000001,103.917751
410,P1022,J281,J283,340,341,Pipe,200.76,0.10200000000000001,99.58078005
411,P597,J281,J284,340,342,Pipe,79.68,0.10200000000000001,101.1211685
412,P275,J148,J149,353,354,Pipe,172.96,0.1524,98.1648787
413,P270,J149,J150,354,355,Pipe,88.36,0.1016,92.76968792
414,P285,J151,J153,356,358,Pipe,130.71,0.0762,90.18255066
415,P304,J152,J222,357,361,Pipe,268.74,0.1016,89.39267725
416,P286,J169,J182,359,360,Pipe,155.58,0.1016,90.00536972
417,P288,J169,J222,359,361,Pipe,226.74,0.0762,85.05269358
418,P290,J222,J224,361,362,Pipe,46.28,0.0762,89.4448254
419,P309,J230,J235,363,364,Pipe,128.8,0.1016,94.95597676
420,P319,J269,J274,366,368,Pipe,10.54,0.61,76.59274096
421,P320,J269,J273,366,367,Pipe,11.47,0.61,76.51881041
422,PU2,J269,J280,366,370,Pump,,,
423,PU1,J273,J285,367,371,Pump,,,
424,PU3,J274,J276,368,369,Pump,,,
425,P323,J276,J280,369,370,Pipe,11.47,0.61,84.68719833
426,P316,J280,R1,370,388,Pipe,11.62,0.61,70.45194642
427,P322,J280,J285,370,371,Pipe,11.5,0.61,89.43312359
428,P374,J287,J288,372,373,Pipe,15.83,0.254,91.91560418
429,P379,J287,J289,372,374,Pipe,6.43,0.254,101.7753453
430,P375,J288,J300,373,379,Pipe,7.79,0.254,75.48935679
431,P380,J289,J290,374,375,Pipe,4.79,0.254,87.81324875
432,PU7,J290,J291,375,376,Pump,,,
433,PU4,J292,J299,377,378,Pump,,,
434,P376,J299,J300,378,379,Pipe,6.64,0.254,102.6856466
435,P398,J301,J302,380,381,Pipe,6.75,0.2032,91.05042408
436,PU8,J301,J304,380,382,Pump,,,
437,P399,J302,J307,381,384,Pipe,9.71,0.2032,81.41362338
438,PU9,J302,J306,381,383,Pump,,,
439,P403,J304,J306,382,383,Pipe,6.86,0.1524,111.4725023
440,P402,J307,J309,384,385,Pipe,6.12,0.2032,89.1549467
441,PU10,J307,J317,384,386,Pump,,,
442,PU11,J309,J323,385,387,Pump,,,
443,P410,J317,J323,386,387,Pipe,7.7,0.2032,85.6676939
