node_index,node_id,node_type,observed,elevation
0,J511,Junction,0,105.08
1,J411,Junction,0,8.95
2,J414,Junction,0,34.36
3,J415,Junction,1,65.0
4,J416,Junction,0,42.6
5,J417,Junction,0,37.38
6,J418,Junction,0,37.39
7,J419,Junction,0,40.5
8,J310,Junction,0,51.84
9,J311,Junction,0,55.95
10,J312,Junction,0,68.48
11,J313,Junction,0,67.66
12,J314,Junction,0,14.94
13,J315,Junction,0,16.03
14,J316,Junction,0,12.98
15,J318,Junction,0,53.67
16,J319,Junction,0,39.29
17,J210,Junction,0,7.01
18,J211,Junction,0,11.27
19,J212,Junction,0,7.87
20,J214,Junction,0,8.67
21,J217,Junction,0,10.98
22,J218,Junction,0,7.68
23,J219,Junction,0,52.0
24,J110,Junction,0,15.92
25,J420,Junction,0,39.99
26,J421,Junction,0,37.09
27,J422,Junction,1,38.81
28,J1153,Junction,0,22.14
29,J1154,Junction,0,14.61
30,J1155,Junction,0,15.54
31,J425,Junction,0,64.42
32,J426,Junction,0,72.71
33,J1157,Junction,0,22.21
34,J427,Junction,0,67.65
35,J1158,Junction,0,28.25
36,J428,Junction,0,16.2
37,J429,Junction,0,12.56
38,J320,Junction,0,46.73
39,J321,Junction,0,44.59
40,J322,Junction,0,48.02
41,J324,Junction,0,42.38
42,J1056,Junction,0,7.64
43,J327,Junction,0,49.68
44,J1058,Junction,0,13.58
45,J328,Junction,0,45.69
46,J329,Junction,0,44.05
47,J220,Junction,0,80.0
48,J221,Junction,0,97.07
49,J225,Junction,0,13.33
50,J226,Junction,0,11.1
51,J50,Junction,0,71.8
52,J51,Junction,0,77.42
53,J53,Junction,0,85.0
54,J54,Junction,0,80.0
55,J128,Junction,0,85.26
56,J55,Junction,0,71.0
57,J129,Junction,0,62.85
58,J56,Junction,0,72.0
59,J57,Junction,0,59.0
60,J58,Junction,0,76.0
61,J59,Junction,0,57.0
62,J1160,Junction,0,24.91
63,J1161,Junction,0,25.25
64,J431,Junction,0,16.9
65,J432,Junction,0,19.88
66,J433,Junction,0,27.35
67,J434,Junction,0,16.48
68,J435,Junction,0,12.15
69,J436,Junction,0,17.68
70,J438,Junction,0,10.43
71,J1169,Junction,0,55.42
72,J439,Junction,0,17.78
73,J330,Junction,0,58.25
74,J331,Junction,0,59.26
75,J332,Junction,0,44.18
76,J333,Junction,0,25.7
77,J334,Junction,0,29.28
78,J335,Junction,0,25.08
79,J336,Junction,0,23.81
80,J337,Junction,0,22.11
81,J231,Junction,0,71.9
82,J232,Junction,0,69.81
83,J233,Junction,0,74.23
84,J234,Junction,0,64.06
85,J236,Junction,0,58.0
86,J237,Junction,0,73.14
87,J130,Junction,0,54.52
88,J131,Junction,0,88.05
89,J132,Junction,0,74.55
90,J133,Junction,0,69.58
91,J60,Junction,0,55.0
92,J134,Junction,0,80.7
93,J135,Junction,0,70.0
94,J62,Junction,0,60.0
95,J64,Junction,0,82.0
96,J65,Junction,0,82.0
97,J66,Junction,0,72.0
98,J67,Junction,0,81.0
99,J68,Junction,0,73.0
100,J69,Junction,0,71.0
101,J1170,Junction,0,54.54
102,J441,Junction,0,69.0
103,J444,Junction,0,29.46
104,J341,Junction,0,14.89
105,J344,Junction,0,54.7
106,J345,Junction,0,49.97
107,J347,Junction,0,54.4
108,J348,Junction,0,62.18
109,J349,Junction,0,36.41
110,J241,Junction,0,70.0
111,J242,Junction,0,65.0
112,J243,Junction,0,60.0
113,J244,Junction,0,70.0
114,J245,Junction,0,71.0
115,J246,Junction,0,55.0
116,J247,Junction,0,57.0
117,J248,Junction,0,54.0
118,J249,Junction,0,50.0
119,J142,Junction,0,5.53
120,J143,Junction,0,6.3
121,J70,Junction,0,70.0
122,J144,Junction,0,4.17
123,J71,Junction,0,77.0
124,J72,Junction,0,75.0
125,J73,Junction,0,80.0
126,J74,Junction,0,75.0
127,J76,Junction,0,70.0
128,J77,Junction,0,76.0
129,J78,Junction,0,60.56
130,J350,Junction,0,33.82
131,J351,Junction,0,25.51
132,J352,Junction,0,47.55
133,J353,Junction,0,22.64
134,J354,Junction,0,18.68
135,J355,Junction,0,28.87
136,J358,Junction,0,22.3
137,J359,Junction,0,17.57
138,J250,Junction,0,67.0
139,J251,Junction,0,75.19
140,J252,Junction,0,83.82
141,J253,Junction,0,74.69
142,J254,Junction,0,74.59
143,J257,Junction,0,105.58
144,J154,Junction,0,43.69
145,J155,Junction,0,44.41
146,J82,Junction,0,70.87
147,J156,Junction,0,56.16
148,J83,Junction,0,61.07
149,J84,Junction,0,43.82
150,J85,Junction,0,45.0
151,J159,Junction,0,37.41
152,J86,Junction,0,50.0
153,J87,Junction,0,42.63
154,J89,Junction,0,68.29
155,J360,Junction,0,20.71
156,J361,Junction,0,26.67
157,J362,Junction,0,43.66
158,J363,Junction,0,72.23
159,J364,Junction,0,65.0
160,J365,Junction,0,29.83
161,J366,Junction,0,14.46
162,J1208,Junction,0,42.74
163,J367,Junction,0,13.6
164,J369,Junction,0,20.27
165,J160,Junction,0,43.69
166,J161,Junction,0,22.81
167,J162,Junction,0,36.88
168,J163,Junction,0,16.2
169,J164,Junction,0,17.34
170,J91,Junction,0,64.09
171,J165,Junction,0,16.69
172,J166,Junction,0,23.95
173,J167,Junction,0,23.91
174,J94,Junction,0,30.75
175,J95,Junction,0,22.56
176,J96,Junction,0,30.0
177,J97,Junction,0,34.19
178,J976,Junction,0,6.3
179,J571,Junction,0,77.11
180,J572,Junction,0,76.4
181,J573,Junction,0,81.62
182,J574,Junction,0,67.36
183,J575,Junction,0,75.27
184,J576,Junction,0,80.8
185,J370,Junction,0,20.46
186,J371,Junction,0,68.81
187,J372,Junction,0,23.2
188,J373,Junction,0,27.22
189,J374,Junction,0,13.7
190,J375,Junction,0,22.72
191,J376,Junction,0,12.18
192,J377,Junction,0,13.12
193,J1219,Junction,0,14.48
194,J379,Junction,0,10.25
195,J171,Junction,0,8.81
196,J172,Junction,0,6.25
197,J173,Junction,0,13.0
198,J174,Junction,0,6.11
199,J175,Junction,0,6.84
200,J177,Junction,0,13.14
201,J179,Junction,0,15.01
202,J580,Junction,0,113.08
203,J486,Junction,0,86.11
204,J487,Junction,0,79.0
205,J488,Junction,0,89.16
206,J489,Junction,0,85.02
207,J381,Junction,0,36.02
208,J1223,Junction,0,3.48
209,J382,Junction,0,70.42
210,J384,Junction,0,42.51
211,J385,Junction,0,76.6
212,J180,Junction,0,8.77
213,J181,Junction,0,10.94
214,J1024,Junction,0,5.83
215,J183,Junction,0,13.28
216,J1025,Junction,0,8.61
217,J186,Junction,0,9.38
218,J187,Junction,0,9.81
219,J188,Junction,0,8.51
220,J189,Junction,0,7.58
221,J490,Junction,0,103.84
222,J491,Junction,0,76.93
223,J492,Junction,0,94.67
224,J493,Junction,0,77.62
225,J494,Junction,0,112.76
226,J495,Junction,0,91.15
227,J496,Junction,0,106.34
228,J497,Junction,0,112.63
229,J498,Junction,0,90.12
230,J500,Junction,0,75.52
231,J499,Junction,0,72.24
232,J501,Junction,0,80.97
233,J502,Junction,0,80.99
234,J503,Junction,0,99.65
235,J504,Junction,0,66.71
236,J394,Junction,0,70.53
237,J509,Junction,0,99.94
238,J399,Junction,0,75.0
239,J401,Junction,0,70.0
240,J406,Junction,0,71.74
241,J295,Junction,0,56.42
242,J407,Junction,0,68.0
243,J296,Junction,0,30.91
244,J408,Junction,0,7.93
245,J297,Junction,0,99.05
246,J298,Junction,0,77.46
247,J191,Junction,0,5.76
248,J303,Junction,0,50.42
249,J192,Junction,0,12.4
250,J193,Junction,0,12.99
251,J305,Junction,0,47.11
252,J194,Junction,0,13.46
253,J195,Junction,0,15.39
254,J196,Junction,0,13.35
255,J308,Junction,0,33.24
256,J198,Junction,0,18.54
257,J200,Junction,0,15.75
258,J199,Junction,0,16.26
259,J201,Junction,0,44.86
260,J202,Junction,0,10.41
261,J203,Junction,0,11.03
262,J204,Junction,0,21.51
263,J205,Junction,0,16.66
264,J206,Junction,0,14.12
265,J207,Junction,0,18.86
266,J208,Junction,0,11.25
267,J101,Junction,0,28.65
268,J102,Junction,0,46.96
269,J109,Junction,0,17.47
270,J1,Junction,0,16.82
271,J2,Junction,0,11.97
272,J3,Junction,0,29.02
273,J4,Junction,0,20.88
274,J5,Junction,0,22.75
275,J6,Junction,0,15.25
276,J7,Junction,0,24.91
277,J8,Junction,0,31.17
278,J9,Junction,0,31.89
279,J10,Junction,0,14.62
280,J11,Junction,0,18.43
281,J12,Junction,0,29.27
282,J13,Junction,0,32.04
283,J14,Junction,1,37.91
284,J15,Junction,0,102.84
285,J16,Junction,0,88.89
286,J17,Junction,0,82.75
287,J18,Junction,0,84.96
288,J19,Junction,0,90.94
289,J20,Junction,0,80.0
290,J21,Junction,0,80.0
291,J22,Junction,0,82.74
292,J23,Junction,0,75.96
293,J25,Junction,0,94.13
294,J26,Junction,0,76.35
295,J27,Junction,0,82.08
296,J28,Junction,0,45.0
297,J29,Junction,0,49.0
298,J30,Junction,0,72.01
299,J31,Junction,0,69.78
300,J32,Junction,0,45.0
301,J33,Junction,0,48.0
302,J34,Junction,0,50.0
303,J35,Junction,0,67.78
304,J36,Junction,0,51.08
305,J37,Junction,0,66.19
306,J38,Junction,0,47.0
307,J24,Junction,0,34.53
308,J39,Junction,0,45.88
309,J40,Junction,0,12.8
310,J123,Junction,0,38.41
311,J140,Junction,0,39.94
312,J141,Junction,0,41.45
313,J157,Junction,0,31.49
314,J158,Junction,0,25.88
315,J168,Junction,0,40.21
316,J170,Junction,0,46.87
317,J176,Junction,0,50.64
318,J178,Junction,0,58.87
319,J184,Junction,0,56.09
320,J185,Junction,0,43.71
321,J190,Junction,0,58.49
322,J197,Junction,0,41.86
323,J213,Junction,0,52.07
324,J215,Junction,0,75.76
325,J216,Junction,0,53.06
326,J227,Junction,0,52.89
327,J238,Junction,0,44.16
328,J239,Junction,0,43.49
329,J255,Junction,0,35.31
330,J256,Junction,1,40.0
331,J258,Junction,0,51.24
332,J260,Junction,0,32.53
333,J265,Junction,0,50.87
334,J266,Junction,0,39.83
335,J267,Junction,0,22.31
336,J61,Junction,0,72.0
337,J92,Junction,0,72.0
338,J268,Junction,0,69.68
339,J278,Junction,0,104.29
340,J281,Junction,0,83.72
341,J283,Junction,0,94.06
342,J284,Junction,0,77.38
343,J136,Junction,0,81.8
344,J137,Junction,0,9.11
345,J145,Junction,0,47.46
346,J118,Junction,0,75.0
347,J52,Junction,0,54.7
348,J81,Junction,0,50.0
349,J88,Junction,0,45.0
350,J90,Junction,0,84.0
351,J93,Junction,0,65.0
352,J147,Junction,0,68.0
353,J148,Junction,0,50.0
354,J149,Junction,0,40.0
355,J150,Junction,0,60.0
356,J151,Junction,0,60.0
357,J152,Junction,0,32.0
358,J153,Junction,0,60.0
359,J169,Junction,0,42.0
360,J182,Junction,0,40.0
361,J222,Junction,0,32.0
362,J224,Junction,0,37.0
363,J230,Junction,0,30.0
364,J235,Junction,0,53.0
365,J240,Junction,0,87.0
366,J269,Junction,1,56.0
367,J273,Junction,0,56.0
368,J274,Junction,0,56.0
369,J276,Junction,0,56.0
370,J280,Junction,1,56.0
371,J285,Junction,0,56.0
372,J287,Junction,0,40.0
373,J288,Junction,0,40.0
374,J289,Junction,1,40.0
375,J290,Junction,0,40.0
376,J291,Junction,0,65.0
377,J292,Junction,0,40.0
378,J299,Junction,0,40.0
379,J300,Junction,1,40.0
380,J301,Junction,0,44.0
381,J302,Junction,1,44.0
382,J304,Junction,0,44.0
383,J306,Junction,1,44.0
384,J307,Junction,1,44.0
385,J309,Junction,0,44.0
386,J317,Junction,1,44.0
387,J323,Junction,0,44.0
388,R1,Reservoir,0,
389,T3,Tank,1,112.9
390,T1,Tank,1,71.5
391,T7,Tank,1,102.0
392,T6,Tank,1,101.5
393,T5,Tank,1,105.8
394,T2,Tank,1,65.0
395,T4,Tank,1,132.5
