source,target,edge_type,link_id,link_type,physical_path_length,num_intermediate_nodes,num_pipes
J415,J289,Actuator,PU6,Pump,0.0,0,0
J422,J14,Actuator,V2,Valve,0.0,0,0
J256,J300,Actuator,PU5,Pump,0.0,0,0
J269,J280,Actuator,PU2,Pump,0.0,0,0
J269,J280,Actuator,PU1,Pump,22.97,2,2
J269,J280,Actuator,PU3,Pump,22.009999999999998,2,2
J289,J415,Actuator,PU7,Pump,10.32,2,2
J256,J300,Actuator,PU4,Pump,13.11,2,2
J302,J306,Actuator,PU8,Pump,13.61,2,2
J302,J306,Actuator,PU9,Pump,0.0,0,0
J307,J317,Actuator,PU10,Pump,0.0,0,0
J307,J317,Actuator,PU11,Pump,13.82,2,2
J14,J422,Pipe,PATH_J14_J422,Pipe,68.82,2,3
J14,J302,Pipe,PATH_J14_J302,Pipe,2347.18,15,16
J14,T1,Pipe,PATH_J14_T1,Pipe,2835.939999999999,15,16
J14,J269,Pipe,PATH_J14_J269,Pipe,4323.4,22,23
J256,T3,Pipe,PATH_J256_T3,Pipe,339.84999999999997,3,4
J269,J422,Pipe,PATH_J269_J422,Pipe,4384.370000000001,21,22
J269,J302,Pipe,PATH_J269_J302,Pipe,5720.71,24,25
J269,T1,Pipe,PATH_J269_T1,Pipe,6209.47,24,25
J289,J300,Pipe,PATH_J289_J300,Pipe,30.049999999999997,2,3
J289,J422,Pipe,PATH_J289_J422,Pipe,52.89,2,3
J289,T2,Pipe,PATH_J289_T2,Pipe,223.6,3,4
J300,J422,Pipe,PATH_J300_J422,Pipe,70.08,3,4
J300,T2,Pipe,PATH_J300_T2,Pipe,240.79,4,5
J302,J307,Pipe,PATH_J302_J307,Pipe,9.71,0,1
J302,T1,Pipe,PATH_J302_T1,Pipe,1113.74,9,10
J302,J422,Pipe,PATH_J302_J422,Pipe,2379.5999999999995,16,17
J306,T5,Pipe,PATH_J306_T5,Pipe,1436.7699999999998,10,11
J317,T6,Pipe,PATH_J317_T6,Pipe,463.28999999999996,4,5
J317,T7,Pipe,PATH_J317_T7,Pipe,698.4399999999999,9,10
J415,T4,Pipe,PATH_J415_T4,Pipe,3353.5599999999995,23,24
J422,T2,Pipe,PATH_J422_T2,Pipe,201.04999999999998,2,3
J422,T1,Pipe,PATH_J422_T1,Pipe,2868.359999999999,16,17
T6,T7,Pipe,PATH_T6_T7,Pipe,1085.4899999999998,10,11
