fold,rule,k,h,TP,FN,FP,TN,alarm_hours,FA_events,weeks,TPR,FPR,Precision,Projected_F1
0,Pers(3/6),,,33,9,0,696,0,0,4.142857142857143,0.7857142857142857,0.0,1.0,0.88
0,CUSUM,3.0,15.0,41,1,145,551,145,1,4.142857142857143,0.9761904761904762,0.20833333333333334,0.5316266312027262,0.6883710918581497
1,Pers(3/6),,,6,54,0,696,0,0,4.142857142857143,0.1,0.0,1.0,0.18181818181818182
1,CUSUM,3.0,15.0,13,47,0,696,0,0,4.142857142857143,0.21666666666666667,0.0,1.0,0.3561643835616438
2,Pers(3/6),,,18,19,24,672,24,1,4.142857142857143,0.4864864864864865,0.034482758620689655,0.7736272088162645,0.5973416272996684
2,CUSUM,3.0,15.0,35,2,200,496,200,1,4.142857142857143,0.9459459459459459,0.28735632183908044,0.44364539748953974,0.6040114846358664
3,Pers(3/6),,,4,3,0,695,0,0,4.136904761904762,0.5714285714285714,0.0,1.0,0.7272727272727273
3,CUSUM,3.0,15.0,6,1,27,668,27,3,4.136904761904762,0.8571428571428571,0.03884892086330935,0.8423849703976504,0.8496998385554632
4,Pers(3/6),,,71,2,4,691,4,1,4.136904761904762,0.9726027397260274,0.0057553956834532375,0.9761537981614706,0.9743750335431829
4,CUSUM,3.0,15.0,72,1,266,429,266,2,4.136904761904762,0.9863013698630136,0.38273381294964026,0.3843274073438052,0.5531222671562185
pooled,Pers(3/6),,,132,87,28,3450,28,2,20.702380952380956,0.6027397260273972,0.008050603795284647,0.9477423137290522,0.7368572197216182
pooled,CUSUM,,,167,52,638,2840,638,7,20.702380952380956,0.7625570776255708,0.18343875790684303,0.5017384368235499,0.6052448841967089
